"taxonID","tip","temporal_niche","total_count","n_sites_temp","habitat_niche","n_sites_hab"
"ACUNAN","Acupalpus_nanellus_19",26.1,60,4,0.165089838931534,4
"ACUPAR","Acupalpus_partiarius_20",23.8461538461538,65,5,0.172657826183615,5
"ACUTES","Acupalpus_testaceus_14",25.8620689655172,29,5,-0.0919975964517176,5
"AGOCON","Agonoleptus_conjunctus_127",24.0077720207254,772,21,0.158174483805982,21
"AGOCUP1","Agonum_cupreum_49",27.0052083333333,192,6,0.180178413918291,6
"AGOGRA","Agonum_gratiosum_56",29.8917197452229,157,5,-0.0717923206359452,5
"AGOLIM","Agonum_limbatum_8",21.4615384615385,26,3,0.11152044886613,3
"AGOPAL2","Agonum_palustre_18",27.1764705882353,34,5,-0.130295285242785,5
"AGOPLA","Agonum_placidum_28",32.08125,480,8,0.171988495636044,8
"AGOPRO","Agonum_propinquum_11",27.8661971830986,142,6,0.220066706440654,6
"AGOPUN","Agonum_punctiforme_65",21.1304347826087,207,9,-0.287291175119059,9
"AGOQUI","Agonum_quinquepunctatum_78",27.8755020080321,249,4,0.253618780171302,4
"AGORET","Agonum_retractum_97",28.2201834862385,218,7,-0.121130456742511,7
"AGOTHO1","Agonoleptus_thoracicus_23",23.4545454545455,55,6,-0.287986507261868,6
"AGOTHO2","Agonum_thoreyi_3",28.4571428571429,35,4,-0.0303001229548079,4
"AGOTRI","Agonum_trigeminum_37",27.5789473684211,95,3,-0.113496743501494,3
"AMAAEN1","Amara_aenea_48",21.5636856368564,369,8,-0.34121054882597,8
"AMAALP","Amara_alpina_65",28.7231759656652,932,3,0.180643507832157,3
"AMAANG1","Amara_angustata_10",27.5416666666667,24,4,-0.124043915489484,4
"AMAANG2","Amara_angustatoides_82",28.1637426900585,171,5,0.0949450424803214,5
"AMAAPR","Amara_apricaria_2",23.8807947019868,151,3,0.179110216966674,3
"AMAAUR","Amara_aurata_40",19.08,50,3,0.10975134142958,3
"AMACAR","Amara_carinata_63",31.4797441364606,938,7,0.169337333876338,7
"AMACOE","Amara_coelebs_41",24.7413793103448,116,5,0.17076543256875,5
"AMACON1","Amara_conflata_21",19.8111111111111,90,4,0.110718337700971,4
"AMACON2","Amara_confusa_30",24.3125,80,4,0.218976847704602,4
"AMACON3","Amara_convexa_51",27.8928571428571,392,4,0.197191526144953,4
"AMACRA","Amara_crassispina_27",24.1190476190476,84,6,0.0524282724511716,6
"AMACUP","Amara_cupreolata_12",25.45,20,6,0.0466495715182338,6
"AMACUP","Amara_cupreolata_group_3",25.45,20,6,0.0466495715182338,6
"AMADIS","Amara_discors_8",26.3076923076923,26,6,0.216892791884402,6
"AMAELL","Amara_ellipsis_16",24.6363636363636,44,5,0.12639355626176,5
"AMAFAR","Amara_farcta_24",25.8,115,7,0.194832321749049,7
"AMAHYP","Amara_hyperborea_47",27.1226993865031,163,3,0.255610353640421,3
"AMAIMP","Amara_impuncticollis_90",19.9029126213592,309,9,-0.337140819535413,9
"AMAINS1","Amara_insignis_25",34.0350877192982,57,3,0.109978310954874,3
"AMALIT","Amara_littoralis_42",23.7616822429907,214,12,0.118779240466459,12
"AMALUN","Amara_lunicollis_35",26.8571428571429,70,6,0.0892586122290007,6
"AMAMUS","Amara_musculis_41",31.5294117647059,153,9,0.141101634963763,9
"AMANEO1","Amara_neoscotica_22",23.8846153846154,52,3,0.167067082782347,3
"AMAOBE","Amara_obesa_70",32.0916334661355,502,14,0.175494018687941,14
"AMAQUE1","Amara_quenseli_188",28.2479338842975,1694,8,0.181329902876057,8
"AMARUB","Amara_rubrica_35",20.3030303030303,33,3,-0.0437203648481932,3
"AMASCI","Amara_scitula_13",23.6842105263158,57,3,0.111048664422556,3
"AMATEN1","Amara_tenax_42",26.9041095890411,146,3,0.180539496060003,3
"AMBMEX","Amblygnathus_mexicanus_17",34.8333333333333,24,3,-0.263397183816397,3
"AMPINT","Amphasia_interstitialis_47",23.7448979591837,98,8,-0.277075389306159,8
"AMPSER","Amphasia_sericea_22",24.144385026738,187,4,-0.344390951715385,4
"ANIAGR","Anisodactylus_agricola_43",24.0846153846154,130,4,-0.262195285798684,4
"ANICAR2","Anisodactylus_carbonarius_43",25.9910714285714,336,3,0.171078412830913,3
"ANIDUL","Anisodactylus_dulcicollis_89",27.1591289782245,597,7,-0.280675911364408,7
"ANIFUR","Anisodactylus_furvus_37",23.2096774193548,310,4,-0.372228950982955,4
"ANIHAP","Anisodactylus_haplomus_131",25.6300715990453,419,7,-0.119402660769181,7
"ANIHAR2","Anisodactylus_harrisii_11",24.1851851851852,27,4,0.147116619098476,4
"ANIMER2","Anisodactylus_merula_161",25.9271402550091,549,16,-0.196460401999725,16
"ANINIG1","Anisodactylus_nigerrimus_35",24.1846153846154,65,5,-0.332513320154455,5
"ANINIG2","Anisodactylus_nigrita_15",24.94,50,3,0.164323014730915,3
"ANIOPA","Anisodactylus_opaculus_72",26.1686746987952,249,5,0.0253451708137819,5
"ANIOVU","Anisodactylus_ovularis_104",27.7527322404372,732,10,-0.286820722005905,10
"ANIRUS","Anisodactylus_rusticus_188",27.0600284495021,3515,19,0.0711666289192381,19
"ANISAN","Anisodactylus_sanctaecrucis_7",27.3333333333333,24,7,-0.156471605041898,7
"ANISIM","Anisodactylus_similis_24",26.4873949579832,238,3,0.111458675425906,3
"APELUC2","Apenes_lucidula_46",25.9230769230769,39,6,-0.239540128703034,6
"APESIN","Apenes_sinuata_28",28.0882352941176,34,11,-0.136350831897926,11
"ASPSUB","Aspidoglossa_subangulata_21",23.8076923076923,26,6,-0.176910783478051,6
"AXIBIP","Axinopalpus_biplagiatus_44",26.0649350649351,154,4,0.200437556023082,4
"BADNOT","Badister_notatus_29",23.6470588235294,34,11,-0.0583702431800399,11
"BEMMIM","Bembidion_mimus_14",27.9821428571429,56,3,0.178230051087524,3
"BEMMUT","Bembidion_mutatum_18",28.0645161290323,31,4,0.19542641972394,4
"BEMPRA2","Bembidion_praticola_18",26.1538461538462,104,4,0.165419566095693,4
"BEMRAP","Bembidion_rapidum_31",27.3595505617978,89,9,0.107958649921533,9
"BRAALT","Brachinus_alternans_117",29.6900853578464,1523,9,-0.193411525013362,9
"BRACYA2","Brachinus_cyanochroaticus_38",27.3493975903614,249,3,0.165569362063961,3
"BRAFUM","Brachinus_fumans_31",26.776,125,4,-0.32340263976997,4
"CALADV","Calathus_advena_73",29.0300146412884,6830,4,0.1803712216438,4
"CALAFF1","Calosoma_affine_51",32.359269932757,1041,3,0.0487103427005603,3
"CALCAL","Calosoma_calidum_55",28.0076335877863,524,5,0.183354878213703,5
"CALEXT","Calosoma_externum_14",31,20,4,-0.0953187589494015,4
"CALFRI","Calosoma_frigidum_34",23.6512758201701,823,7,-0.296384718534383,7
"CALGRE","Calathus_gregarius_88",33.2695035460993,282,11,-0.19218072176511,11
"CALING","Calathus_ingratus_152",27.7267080745342,483,10,0.116230589900316,10
"CALMAR","Calosoma_marginale_4",24.1707317073171,41,3,0.174778497188464,3
"CALOPA","Calathus_opaculus_115",32.4162895927602,663,15,-0.029544235507772,15
"CALPER2","Calosoma_peregrinator_24",31.4090909090909,198,3,0.141391872483328,3
"CALSCR","Calosoma_scrutator_22",25,51,6,-0.118953418144888,6
"CARGOR","Carabus_goryi_105",24.5501782985227,11778,6,-0.322433704729168,6
"CARSER","Carabus_serratus_72",27.6972972972973,185,8,-0.0376726561510659,8
"CARSYL","Carabus_sylvosus_90",28.280487804878,164,6,-0.215975516536731,6
"CARTAE","Carabus_taedatus_107",31.4972515856237,2365,6,0.173103675410347,6
"CHLAES","Chlaenius_aestivus_81",24.0094408133624,9639,6,-0.329432038999678,6
"CHLAMO","Chlaenius_amoenus_43",29.3790322580645,124,6,-0.310051525527149,6
"CHLEMA","Chlaenius_emarginatus_142",28.5014306151645,1398,15,-0.274751770088472,15
"CHLERY","Chlaenius_erythropus_31",30.3650793650794,378,4,-0.266297211488505,4
"CHLLAT","Chlaenius_laticollis_22",24.875,24,4,-0.176694100681719,4
"CHLNEM","Chlaenius_nemoralis_19",27.5,46,9,-0.135859002462436,9
"CHLPLA","Chlaenius_platyderus_28",26.4666666666667,60,4,0.180367993954294,4
"CHLSER","Chlaenius_sericeus_30",29.8679245283019,53,7,0.0724277003054112,7
"CHLTOM","Chlaenius_tomentosus_140",28.3156182212581,922,15,0.0409815690347366,15
"CHLTRI","Chlaenius_tricolor_44",25,54,8,-0.285505742984552,8
"CICPUN","Cicindela_punctulata_154",31.7581236897275,3816,11,0.181393909778187,11
"CICPUR","Cicindela_purpurea_22",28.9130434782609,46,5,0.18319504859728,5
"CICSEX","Cicindela_sexguttata_35",25.640625,64,11,-0.256351652412312,11
"CLIBAL","Clinidium_baldufi_17",26.875,24,3,-0.275671584895071,3
"COLPEN","Colliuris_pensylvanica_12",29.4358974358974,39,5,0.102194660384175,5
"CRADUB","Cratacanthus_dubius_130",30.849922037422,7696,9,0.178631103209076,9
"CYCALT","Cyclotrachelus_alternans_4",28.5909090909091,176,3,-0.0740991668311518,3
"CYCAPP","Cyclotrachelus_approximatus_1",24.1935483870968,31,3,-0.312578395934162,3
"CYCCON1","Cyclotrachelus_constrictus_80",28.9012345679012,243,5,0.0716833627810649,5
"CYCCON2","Cyclotrachelus_convivus_87",29.067264573991,669,4,-0.273994317577649,4
"CYCDEC","Cyclotrachelus_deceptus_49",29.9487179487179,78,4,-0.0206693529245836,4
"CYCFAB","Cyclotrachelus_faber_52",27.2025974025974,385,3,-0.0750032343415086,3
"CYCFRE","Cyclotrachelus_freitagi_76",30.2102473498233,566,6,-0.340919378484467,6
"CYCFUC","Cyclotrachelus_fucatus_30",22.5336206896552,1160,3,-0.377904456018042,3
"CYCLAE","Cyclotrachelus_laevipennis_49",21.843137254902,102,5,-0.203796415459431,5
"CYCSIG","Cyclotrachelus_sigillatus_129",32.1090500281057,1779,9,-0.332413529311408,9
"CYCSOD3","Cyclotrachelus_sodalis_120",27.4345146379045,649,5,-0.087735595240708,5
"CYCSUB","Cyclotrachelus_substriatus_82",29.9105263157895,570,4,-0.00447576830945917,4
"CYCTOR","Cyclotrachelus_torvus_131",29.7596241285238,6598,7,0.179943732987373,7
"CYLUNI","Cylindera_unipunctata_65",28.1128048780488,328,4,-0.346741180553251,4
"CYMCRI","Cymindis_cribricollis_161",32.4343707713126,1478,10,0.0146631429226869,10
"CYMLIM","Cymindis_limbata_20",30.2962962962963,27,5,-0.175390106739355,5
"CYMNEG","Cymindis_neglecta_80",30.7891891891892,1480,6,-0.0256438106654085,6
"CYMPIL","Cymindis_pilosa_37",34.1641791044776,67,4,0.186461299857255,4
"CYMPLA1","Cymindis_planipennis_78",35.0996677740864,602,4,0.21258383672084,4
"CYMPLA2","Cymindis_platicollis_24",29.6333333333333,30,3,-0.170727485149914,3
"CYMUNI1","Cymindis_unicolor_53",31.0762711864407,354,3,0.171214521727636,3
"DIAPOL","Diacheila_polita_61",31.0326086956522,368,3,0.23680391734484,3
"DICAMB","Dicaelus_ambiguus_39",25.7590361445783,83,9,-0.309551312498159,9
"DICDIL5","Dicaelus_dilatatus_119",27.4137931034483,87,9,-0.289432408621485,9
"DICELO","Dicaelus_elongatus_120",25.0055096418733,363,14,-0.240719714649383,14
"DICFUR","Dicaelus_furvus_119",27.8480565371025,283,8,-0.255227638876809,8
"DICPIC","Dicheirus_piceus_17",20.3611111111111,216,3,0.110107687884497,3
"DICPOL","Dicaelus_politus_107",26.1467889908257,218,8,-0.317098002784772,8
"DICPUR4","Dicaelus_purpuratus_79",28.39,100,3,-0.177388754660269,3
"DICSCU","Dicaelus_sculptilis_59",26.5952380952381,126,4,-0.175796827540437,4
"DICTET","Dicaelus_teter_54",25.9297235023041,868,4,-0.332238824156986,4
"DIPSTR","Diplocheila_striatopunctata_21",30.7586206896552,29,4,0.153351284413785,4
"DISPAR1","Discoderus_parallelus_59",27.7463111571318,3863,8,0.220191085648591,8
"DROPRU","Dromochorus_pruininus_13",28.0333333333333,30,3,0.0274534923882786,3
"DYSGLO","Dyschirius_globulosus_67",23.2080924855491,346,7,0.170520585619892,7
"ELAGRA","Elaphropus_granarius_58",26.2824427480916,131,11,-0.030505194801903,11
"ELAINC","Elaphropus_incurvus_56",29.40625,96,5,-0.171155248800683,5
"ELALAP","Elaphrus_lapponicus_27",25.5161290322581,31,4,0.244903853488509,4
"ELAXAN","Elaphropus_xanthopus_27",31.0347222222222,144,4,-0.345361458407406,4
"EURGRO","Euryderus_grossus_106",29.5073210971334,4849,8,0.19218588270156,8
"GALATR","Galerita_atripes_61",26.4971751412429,177,3,-0.141553046141601,3
"GALBIC","Galerita_bicolor_137",28.3859489051095,1096,11,-0.318264743388439,11
"GALJAN","Galerita_janus_29",26.8085106382979,47,5,-0.232786662077988,5
"GASHON","Gastrellarius_honestus_13",23.6521739130435,23,4,-0.217509633595974,4
"HARAMP1","Harpalus_amputatus_46",27.4825253664036,887,4,0.15891872014639,4
"HARANI","Harpalus_animosus_43",29.2081911262799,293,3,0.186730039257116,3
"HARCAL","Harpalus_caliginosus_125",33.6715806715807,1221,15,0.0596781057177522,15
"HARCOM","Harpalus_compar_58",35.4487632508834,283,13,-0.240119189076514,13
"HARDES","Harpalus_desertus_98",26.7192049561177,19370,8,0.219422539770239,8
"HARELL","Harpalus_ellipsis_112",26.8485477178423,482,5,0.205098280505267,5
"HARERR","Harpalus_erraticus_17",33.1285714285714,70,7,0.0338248849796141,7
"HARERY","Harpalus_erythropus_10",32.6666666666667,48,10,-0.251854437916021,10
"HARFAU","Harpalus_faunus_16",28.3870967741935,31,7,-0.0784179199748605,7
"HARFRA","Harpalus_fraternus_15",29.0175438596491,57,6,0.192451964225795,6
"HARFUL","Harpalus_fulvilabris_32",27.3428571428571,35,3,-0.105650223489078,3
"HARHER","Harpalus_herbivagus_64",28.6920152091255,263,14,0.137074539724945,14
"HARIND2","Harpalus_indigens_49",28.6100628930818,159,4,0.185197030019543,4
"HARLAT","Harpalus_laticeps_31",28.743119266055,109,4,0.144264924040342,4
"HARNIG","Harpalus_nigritarsis_50",28.9033613445378,238,8,0.189207212924768,8
"HAROPA","Harpalus_opacipennis_90",29.3734729493892,1146,5,0.176837164715032,5
"HARPAR","Harpalus_paratus_85",34.5874769797422,543,9,0.145385347893658,9
"HARPEN","Harpalus_pensylvanicus_192",34.6830493273543,5575,22,0.0580266100669472,22
"HARPRO1","Harpalus_protractus_34",34.1927710843374,83,10,-0.16028786323492,10
"HARPRO2","Harpalus_providens_70",26.455223880597,134,7,-0.176701615461885,7
"HARREV","Harpalus_reversus_52",33.5245283018868,530,5,0.172356890010537,5
"HARRUB","Harpalus_rubripes_32",25,125,3,-0.316476325015176,3
"HARSOL","Harpalus_solitaris_54",26.7894736842105,114,3,0.262305383189614,3
"HARSOM","Harpalus_somnulentus_139",29.1306240928882,689,14,0.13629104470438,14
"HARSPA","Harpalus_spadiceus_32",24.0192307692308,156,4,-0.321182376920667,4
"HARVAG","Harpalus_vagans_85",34.0813397129187,209,10,-0.208157354559583,10
"HARVEN","Harpalus_ventralis_56",29.2666666666667,150,3,0.185811221947752,3
"HELFER","Helluomorphoides_ferrugineus_29",29.6071428571429,28,3,0.128394070412773,3
"HELTEX","Helluomorphoides_texanus_32",25.6153846153846,91,3,-0.0262643279437805,3
"MICCUR","Microlestes_curtipennis_7",27.0454545454545,22,3,0.183547869430194,3
"MICDIS","Micrixys_distincta_16",27.0833333333333,24,4,-0.0446453835941435,4
"MICLIN2","Microlestes_linearis_8",28.1739130434783,23,4,0.180550846830545,4
"MICNIG","Microlestes_nigrinus_3",27.225,40,3,0.15059742369024,3
"MYACOR","Myas_coracinus_46",29.3263888888889,144,6,-0.34990184113216,6
"MYACYA","Myas_cyanescens_101",28.2456747404844,289,8,-0.235104046686174,8
"NOTAEN","Notiophilus_aeneus_110",22.3648881239243,581,11,-0.270965377694608,11
"NOTNIT1","Notiobia_nitidipennis_27",24.7714285714286,35,7,-0.334384153724748,7
"NOTNOV","Notiophilus_novemstriatus_43",15.8671875,128,10,-0.0459946634018627,10
"NOTSEM2","Notiophilus_semistriatus_29",27.9193548387097,62,10,0.023239831962289,10
"NOTTER","Notiobia_terminata_21",27.5,24,3,0.0449159663985375,3
"OMUCAL","Omus_californicus_23",25.5134099616858,261,3,0.117019496402063,3
"OXYCRE","Oxycrepis_crenata_18",28.15,20,4,-0.190389866137749,4
"OXYPUS","Oxypselaphus_pusillus_37",29.3095238095238,84,5,0.0813296197354269,5
"PARBIP","Paraclivina_bipustulata_23",25.5483870967742,31,7,-0.126444842423484,7
"PASCAL","Pasimachus_californicus_93",30.8502185896217,5261,6,0.00638284057165641,6
"PASDEP","Pasimachus_depressus_64",29.1146408839779,724,5,-0.0967072577809539,5
"PASELO","Pasimachus_elongatus_161",28.8984615384615,6500,10,0.138673338665086,10
"PASPUN","Pasimachus_punctulatus_67",26.9949748743719,995,4,-0.347643758894601,4
"PASSTR","Pasimachus_strenuus_43",27.4843423799582,958,3,-0.0879140670870084,3
"PASSUB1","Pasimachus_sublaevis_39",28.9802513464991,1114,3,-0.0512383978836302,3
"PATLEC","Patrobus_lecontei_20",32.7051282051282,78,3,0.16432924673084,3
"PIOSET","Piosoma_setosum_97",30.1918678526048,1574,4,0.201775280378294,4
"PLADEC","Platynus_decentis_130",22.7919708029197,548,14,-0.170681664766952,14
"POECHA","Poecilus_chalcites_59",27.1135458167331,1004,7,-0.113740758591315,7
"POELUC","Poecilus_lucublandus_136",26.1656101426307,1262,15,-0.0826636169226105,15
"POLLAE","Polyderis_laeva_33",24.8313253012048,166,10,-0.258865007410069,10
"PTEADO","Pterostichus_adoxus_57",32.1716738197425,233,7,-0.135486918514172,7
"PTEADS","Pterostichus_adstrictus_76",25.8238993710692,159,12,0.106601634895586,12
"PTEALG","Pterostichus_algidus_17",29.5128205128205,39,3,0.104347750358529,3
"PTEATR","Pterostichus_atratus_44",22.3191489361702,94,3,-0.28399956787372,3
"PTEBRE2","Pterostichus_brevicornis_112",26.45301542777,713,5,0.237488128777078,5
"PTECAR1","Pterostichus_caribou_55",28.7101449275362,69,3,0.187557259863779,3
"PTECOR1","Pterostichus_coracinus_164",30.7661637931034,2784,11,-0.199035009967507,11
"PTECOR3","Pterostichus_corvinus_10",25.7115384615385,208,7,0.137858892512734,7
"PTEFEM","Pterostichus_femoralis_48",23.5342465753425,146,6,0.173134500018133,6
"PTEHER","Pterostichus_herculaneus_55",28.9969727547931,991,4,0.10647299941138,4
"PTELAC2","Pterostichus_lachrymosus_96",30.3837312113174,3393,7,-0.253314594119749,7
"PTELAM","Pterostichus_lama_64",28.3824514400536,1493,4,0.109264665608604,4
"PTELUC","Pterostichus_luctuosus_36",26.5730337078652,89,5,-0.0485781820802259,5
"PTEMEL1","Pterostichus_melanarius_108",30.8,45,9,0.163643407568914,9
"PTEMUT2","Pterostichus_mutus_130",25.3567346938776,1225,10,-0.205972465508495,10
"PTENIV","Pterostichus_nivalis_96",28.2592592592593,243,5,0.199504910738959,5
"PTEORD","Pterostichus_ordinarius_54",28.4616541353383,665,3,0.110660098381915,3
"PTEPAN","Pterostichus_panticulatus_49",21.9178571428571,280,3,0.110845445173435,3
"PTEPEN","Pterostichus_pensylvanicus_101",25.1415628539071,2649,6,-0.106420747874307,6
"PTEPER2","Pterostichus_permundus_90",32.6702508960573,1116,9,-0.143319459580055,9
"PTEPIN","Pterostichus_pinguedineus_18",29.2727272727273,55,4,0.194051789476018,4
"PTEPRO2","Pterostichus_protractus_66",30.3951774949766,1493,5,0.188192956659087,5
"PTEROS","Pterostichus_rostratus_73",28.3757178014766,1219,4,-0.173137477888583,4
"PTESCU1","Pterostichus_sculptus_17",31.4976744186046,215,8,-0.227590799805596,8
"PTESTY","Pterostichus_stygicus_49",32.7423049391553,1397,7,-0.336365322982049,7
"PTETEN","Pterostichus_tenuis_12",27.72,25,3,-0.108524767369046,3
"PTETRI3","Pterostichus_tristis_143",32.575109382596,2057,11,-0.135641328896131,11
"PTEVEN1","Pterostichus_ventralis_18",23.5581395348837,43,3,0.0214047577888649,3
"PTEVEN2","Pterostichus_ventricosus_53",26,42,3,0.257525197839892,3
"SCAAND11","Scaphinotus_andrewsii_30",34.655737704918,61,3,-0.316790047844471,3
"SCAMAR1","Scaphinotus_marginatus_53",33.7920792079208,101,3,0.118740119070074,3
"SCASUB2","Scarites_subterraneus_143",27.2263969171484,1038,13,-0.232480008265881,13
"SCAUNI1","Scaphinotus_unicolor_14",24.5238095238095,21,3,-0.346188967281624,3
"SCAVIC","Scarites_vicinus_153",27.6395061728395,405,9,-0.0281784157565631,9
"SELELL","Selenophorus_ellipticus_60",26.0480349344978,229,7,-0.0521248340547808,7
"SELFOS","Selenophorus_fossulatus_75",24.7746478873239,71,3,-0.0487388909109841,3
"SELOPA","Selenophorus_opalinus_72",27.953125,128,5,-0.20679349879703,5
"SELPED","Selenophorus_pedicularius_12",22.6565656565657,99,8,0.088844999333331,8
"SELPLA","Selenophorus_planipennis_124",23.2958123953099,2985,8,0.205104108789678,8
"SEMPUN","Semiardistomis_puncticollis_51",27.216,125,6,-0.240900797038033,6
"SPHCAN","Sphaeroderus_canadensis_70",26.7127659574468,188,3,-0.161698667815361,3
"SPHSTE3","Sphaeroderus_stenostomus_204",26.0935483870968,310,8,-0.213780848519986,8
"STECOM","Stenolophus_comma_32",23.1142857142857,105,6,0.136281612864278,6
"STEMEX","Stenocrepis_mexicana_22",29.9354838709677,31,4,-0.250223452854236,4
"STEOCH","Stenolophus_ochropezus_22",28.175,80,8,-0.320253192478962,8
"STEPLE","Stenolophus_plebejus_20",24.6944444444444,36,3,-0.330173489741505,3
"SYNAME","Syntomus_americanus_91",27.9993036211699,1436,11,0.169932811978914,11
"SYNIMP","Synuchus_impunctatus_144",31.8667038927888,12536,12,-0.114901327367503,12
"TACPOT","Tachys_potomaca_12",20.34375,32,3,-0.318750448037526,3
"TETCAR2","Tetracha_carolina_41",28,29,3,-0.205520157795544,3
"TETINT","Tetragonoderus_intersectus_64",31.5031055900621,161,6,0.0148818735428328,6
"TETVIR","Tetracha_virginica_148",31.1138686131387,685,12,-0.11826369646849,12
"TRIAUT","Trichotichnus_autumnalis_64",23.7012195121951,164,7,-0.316811655484085,7
"TRINIT","Trichotichnus_nitidulus_10",25.0602409638554,166,12,-0.292956491894185,12
